<?xml version="1.0" encoding="UTF-8"?>
<metadata xml:lang="en"><Esri><CreaDate>20170913</CreaDate><CreaTime>14272000</CreaTime><ArcGISFormat>1.0</ArcGISFormat><ArcGISstyle>North American Profile of ISO19115 2003</ArcGISstyle><SyncOnce>FALSE</SyncOnce><DataProperties><itemProps><itemName Sync="TRUE">BearGPS</itemName><imsContentType Sync="TRUE">002</imsContentType><itemLocation><linkage Sync="TRUE">file://\\D-738588\C$\_LOCALdata\GDB\Species.gdb</linkage><protocol Sync="TRUE">Local Area Network</protocol></itemLocation><nativeExtBox><westBL Sync="TRUE">-115.518322</westBL><eastBL Sync="TRUE">-113.867417</eastBL><southBL Sync="TRUE">49.930559</southBL><northBL Sync="TRUE">51.507244</northBL><exTypeCode Sync="TRUE">1</exTypeCode></nativeExtBox></itemProps><coordRef><type Sync="TRUE">Geographic</type><geogcsn Sync="TRUE">GCS_WGS_1984</geogcsn><csUnits Sync="TRUE">Angular Unit: Degree (0.017453)</csUnits><peXml Sync="TRUE">&lt;GeographicCoordinateSystem xsi:type='typens:GeographicCoordinateSystem' xmlns:xsi='http://www.w3.org/2001/XMLSchema-instance' xmlns:xs='http://www.w3.org/2001/XMLSchema' xmlns:typens='http://www.esri.com/schemas/ArcGIS/10.3'&gt;&lt;WKT&gt;GEOGCS[&amp;quot;GCS_WGS_1984&amp;quot;,DATUM[&amp;quot;D_WGS_1984&amp;quot;,SPHEROID[&amp;quot;WGS_1984&amp;quot;,6378137.0,298.257223563]],PRIMEM[&amp;quot;Greenwich&amp;quot;,0.0],UNIT[&amp;quot;Degree&amp;quot;,0.0174532925199433],AUTHORITY[&amp;quot;EPSG&amp;quot;,4326]]&lt;/WKT&gt;&lt;XOrigin&gt;-400&lt;/XOrigin&gt;&lt;YOrigin&gt;-400&lt;/YOrigin&gt;&lt;XYScale&gt;999999999.99999988&lt;/XYScale&gt;&lt;ZOrigin&gt;-100000&lt;/ZOrigin&gt;&lt;ZScale&gt;10000&lt;/ZScale&gt;&lt;MOrigin&gt;-100000&lt;/MOrigin&gt;&lt;MScale&gt;10000&lt;/MScale&gt;&lt;XYTolerance&gt;8.983152841195215e-009&lt;/XYTolerance&gt;&lt;ZTolerance&gt;0.001&lt;/ZTolerance&gt;&lt;MTolerance&gt;0.001&lt;/MTolerance&gt;&lt;HighPrecision&gt;true&lt;/HighPrecision&gt;&lt;LeftLongitude&gt;-180&lt;/LeftLongitude&gt;&lt;WKID&gt;4326&lt;/WKID&gt;&lt;LatestWKID&gt;4326&lt;/LatestWKID&gt;&lt;/GeographicCoordinateSystem&gt;</peXml></coordRef></DataProperties><SyncDate>20170207</SyncDate><SyncTime>16115200</SyncTime><ModDate>20170207</ModDate><ModTime>16310800</ModTime><scaleRange><minScale>150000000</minScale><maxScale>5000</maxScale></scaleRange><ArcGISProfile>NAP</ArcGISProfile></Esri><dataIdInfo><envirDesc Sync="TRUE">Microsoft Windows 7 Version 6.1 (Build 7601) Service Pack 1; Esri ArcGIS 10.3.1.4959</envirDesc><dataLang><languageCode value="eng" Sync="TRUE"/><countryCode value="" Sync="TRUE"/></dataLang><idCitation xmlns=""><resTitle Sync="FALSE">Grizzly Bear GPS for Kananaskis Region</resTitle><presForm xmlns=""><PresFormCd value="005" Sync="TRUE"/></presForm></idCitation><spatRpType><SpatRepTypCd value="001" Sync="TRUE"/></spatRpType><dataExt><geoEle xmlns=""><GeoBndBox esriExtentType="search"><exTypeCode Sync="TRUE">1</exTypeCode><westBL Sync="TRUE">-115.518322</westBL><eastBL Sync="TRUE">-113.867417</eastBL><northBL Sync="TRUE">51.507244</northBL><southBL Sync="TRUE">49.930559</southBL></GeoBndBox></geoEle></dataExt><idPurp>Authoritive source data for grizzly bear collar GPS locations collected by Alberta Parks and its partners in the in the Kananaskis Region after circa 2003.</idPurp><idAbs>&lt;DIV STYLE="text-align:Left;"&gt;&lt;DIV&gt;&lt;P&gt;&lt;SPAN&gt;This is the authoritive and most complete data source for grizzly bear collar GPS locations collected by Alberta Parks and its partners in the in the Kananaskis Region after circa 2003, including bears 39, 80, 102, 104, 105, 114, 129, 139, 151, 152, 162, and 165. Data still to be included from Foothills Research Institute, and bear 162 (diiferent from previously listed) a recently collared bear from the Foothills Research Institute. GPS collar from the Eastern Slopes Grizzly Bear Project c. 1994 to 2003 is compiled in a separate file BearGPS1994to2003 and VHF data in the file BearTelemetry1994to2003.&lt;/SPAN&gt;&lt;/P&gt;&lt;/DIV&gt;&lt;/DIV&gt;</idAbs><idCredit>Alberta Parks, Cheryl Hojnowski</idCredit><searchKeys><keyword>grizzly bear</keyword><keyword>GPS</keyword><keyword>Kananaskis Region</keyword><keyword>Alberta Parks</keyword></searchKeys><dataChar><CharSetCd value="004"></CharSetCd></dataChar><suppInfo>Basic grizzly bear metadata, summer 2014  - Compiled by Cheryl Hojnowski

GB 139 
Sex F
Age 3
Capture date &amp; location 29 May 2014, Valleyview
Weight at time of capture (lbs) 120
Collar type Followit UHF download
Fix schedule(s) 15 May - 15 Oct (CURRENT): 1 fix per hour 
 15 Oct - 15 Nov and 15 Apr - 15 May: 1 fix every 2 hours 
 15 Nov - 15 Apr: 1 fix per day 

GB 39  
Sex F 
Age 23 
Capture date &amp; location 10 June 2014, Valleyview 
Weight at time of capture (lbs) 218 
Collar type Vectronic 4D GPS Plus X Iridium satellite, serial no 15301 
Fix schedule(s) 10 Jun - 26 Jun 2014: One fix every 20 min when inside fence, one fix every 2 hours when outside fence Notes: Bear was almost always inside the fence at this time. Fence is within 0.5 - 1.0 km of roads and trails in western K-Country (PLPP, Spray, Bow Valley)
 26 Jun - 13 Jul 2014: Two fixes perday  
 14 Jul 2014 - 15 Nov 2014 (CURRENT): One fix every 30 min Changed to one fix every 2 hours in 2016
 15 Nov - 15 Apr: One fix per day 

GB 129 -- Collar failure on 8-9 Aug 2014  
Sex M 
Age 6 or 7 
Capture date &amp; location 14 June 2014, Fortress bridge 
Weight at time of capture (lbs) 320 
Collar type Vectronic 4D GPS Plus X Iridium satellite, serial no 15300 
Fix schedule(s) 10 Jun - 22 Jul 2014: One fix every 20 min when inside fence, one fix every 2 hours when outside fence 
 22 Jul - 9 Aug 2014: One fix every 20 min when inside fence, one fix every 30 min when outside fence  Notes: Bear was always outside the fence at this time

GB 151 
Sex F
Age 3
Capture date &amp; location 24 June 2014, KES (free range)
Weight at time of capture (lbs) 142
Collar type Followit 2D Iridium satellite
Fix schedule(s) 15 May - 15 Oct (CURRENT): 1 fix per hour 
 15 Oct - 15 Nov and 15 Apr - 15 May: 1 fix every 2 hours 
 15 Nov-15 Apr: 1 fix per day 

Basic grizzly bear metadata, 2015

GB 139 
Sex F
Age 4
Capture date &amp; location 5 May 2015, Panorama
Weight at time of capture (lbs) 170
Collar type Vectronic 2D GPS Plus X Iridium, serial number 16437
Fix schedule(s) 15 Apr - 15 Nov: 1 fix / 30 min
 15 Nov - 15 Apr: 1 fix per day 

GB 114 (collar ceased transmitting in late June 2015) 
Sex M
Age unknown (adult)
Capture date &amp; location 22 May 2015, Grizzly Pit
Weight at time of capture (lbs) 530
Collar type Vectronic 4D Iridium satellite, serial no 15410
Fix schedule(s) 15 Apr - 15 Nov: 1 fix / 30 min
 15 Nov - 15 Apr: 1 fix per day 

GB 104 
Sex F
Age 12
Capture date &amp; location 23 May 2015, Canyon (free-range)
Weight at time of capture (lbs) 253
Collar type Vectronic 3D GPS Plus X Iridium satellite, serial no 16438
Fix schedule(s) 15 Apr - 15 Nov: 1 fix / 30 min
 15 Nov - 15 Apr: 1 fix per day 

GB 152 
Sex F
Age 4
Capture date &amp; location 29 May 2015, Galatea, free-range
Weight at time of capture (lbs) 170
Collar type Followit 2D Iridium satellite, serial no TSH5-3437
Fix schedule(s) 15 Apr - 15 Nov: 1 fix / 30 min
 15 Nov - 15 Apr: 1 fix per day 

GB 80 
Sex F
Age 21
Capture date &amp; location 19 Sept 2015, Fortress, free-range
Weight at time of capture (lbs) 362
Collar type Vectronic 3D GPS Vertex Iridium satellite, serial no 18844
Fix schedule(s) 15 Apr - 15 Nov: 1 fix / 30 min
 15 Nov - 15 Apr: 1 fix per day 

Basic grizzly bear metadata, 2016

GB 162 (94's orphan cub; collar dropped Oct 2016) 
Sex M
Age 4
Capture date &amp; location 21 May 2016, Lower Lake Campground
Weight at time of capture (lbs) 132
Collar type Vectronic 2D Vertex GPS Iridium, serial no 21015
Fix schedule(s) 15 Apr - 15 Nov: 1 fix / 2 hours
 15 Nov - 15 Apr: 1 fix per day 
 
GB 139 
Sex F
Age 5
Capture date &amp; location 31 May 2016, Grizzly Pit
Weight at time of capture (lbs) 185
Collar type Vectronic 2D GPS Plus X Iridium, serial number 16439
Fix schedule(s) 15 Apr - 15 Nov: 1 fix / 30 min
 15 Nov - 15 Apr: 1 fix per day 
 
GB 165 (relocated within 2 weeks of capture for depredating donkeys; collar was removed) 
Sex M
Age unknown (estimate: 10-12 years)
Capture date &amp; location 4 June 2016, Grizzly Pit
Weight at time of capture (lbs) 450
Collar type Vectronic 4D GPS Plus X Iridium satellite, serial no 15299
Fix schedule(s) 15 Apr - 15 Nov: 1 fix / 30 min
 15 Nov - 15 Apr: 1 fix per day 
 
GB 152 
Sex F
Age 5
Capture date &amp; location 4 June 2016, Grizzly Pit
Weight at time of capture (lbs) 180
Collar type Followit 2D Iridium satellite, serial no TSH5-3654
Fix schedule(s) 15 Apr - 15 Nov: 1 fix / 30 min
 15 Nov - 15 Apr: 1 fix per day 

End</suppInfo></dataIdInfo><mdLang><languageCode value="eng" Sync="TRUE"/><countryCode value="" Sync="TRUE"/></mdLang><distInfo xmlns=""><distFormat xmlns=""><formatName Sync="TRUE">File Geodatabase Feature Class</formatName></distFormat></distInfo><mdHrLv><ScopeCd value="005" Sync="TRUE"/></mdHrLv><mdHrLvName Sync="TRUE">dataset</mdHrLvName><refSysInfo><RefSystem><refSysID><identCode code="4326" Sync="TRUE"/><idCodeSpace Sync="TRUE">EPSG</idCodeSpace><idVersion Sync="TRUE">8.6.2</idVersion></refSysID></RefSystem></refSysInfo><spatRepInfo><VectSpatRep><geometObjs Name="BearGPS"><geoObjTyp><GeoObjTypCd value="004" Sync="TRUE"/></geoObjTyp><geoObjCnt Sync="TRUE">76548</geoObjCnt></geometObjs><topLvl><TopoLevCd value="001" Sync="TRUE"/></topLvl></VectSpatRep></spatRepInfo><spdoinfo><ptvctinf><esriterm Name="BearGPS"><efeatyp Sync="TRUE">Simple</efeatyp><efeageom code="1" Sync="TRUE"/><esritopo Sync="TRUE">FALSE</esritopo><efeacnt Sync="TRUE">76548</efeacnt><spindex Sync="TRUE">TRUE</spindex><linrefer Sync="TRUE">FALSE</linrefer></esriterm></ptvctinf></spdoinfo><eainfo><detailed Name="BearGPS" xmlns=""><enttyp><enttypl Sync="TRUE">BearGPS</enttypl><enttypt Sync="TRUE">Feature Class</enttypt><enttypc Sync="TRUE">76548</enttypc></enttyp><attr xmlns=""><attrlabl Sync="TRUE">OBJECTID</attrlabl><attalias Sync="TRUE">OBJECTID</attalias><attrtype Sync="TRUE">OID</attrtype><attwidth Sync="TRUE">4</attwidth><atprecis Sync="TRUE">0</atprecis><attscale Sync="TRUE">0</attscale><attrdef Sync="TRUE">Internal feature number.</attrdef><attrdefs Sync="TRUE">Esri</attrdefs><attrdomv><udom Sync="TRUE">Sequential unique whole numbers that are automatically generated.</udom></attrdomv></attr><attr xmlns=""><attrlabl Sync="TRUE">Shape</attrlabl><attalias Sync="TRUE">Shape</attalias><attrtype Sync="TRUE">Geometry</attrtype><attwidth Sync="TRUE">0</attwidth><atprecis Sync="TRUE">0</atprecis><attscale Sync="TRUE">0</attscale><attrdef Sync="TRUE">Feature geometry.</attrdef><attrdefs Sync="TRUE">Esri</attrdefs><attrdomv><udom Sync="TRUE">Coordinates defining the features.</udom></attrdomv></attr><attr xmlns=""><attrlabl Sync="TRUE">Bear</attrlabl><attalias Sync="TRUE">Bear</attalias><attrtype Sync="TRUE">Integer</attrtype><attwidth Sync="TRUE">4</attwidth><atprecis Sync="TRUE">0</atprecis><attscale Sync="TRUE">0</attscale></attr><attr xmlns=""><attrlabl Sync="TRUE">SeqID</attrlabl><attalias Sync="TRUE">SeqID</attalias><attrtype Sync="TRUE">Integer</attrtype><attwidth Sync="TRUE">4</attwidth><atprecis Sync="TRUE">0</atprecis><attscale Sync="TRUE">0</attscale></attr><attr xmlns=""><attrlabl Sync="TRUE">No</attrlabl><attalias Sync="TRUE">No</attalias><attrtype Sync="TRUE">Integer</attrtype><attwidth Sync="TRUE">4</attwidth><atprecis Sync="TRUE">0</atprecis><attscale Sync="TRUE">0</attscale></attr><attr xmlns=""><attrlabl Sync="TRUE">CollarID</attrlabl><attalias Sync="TRUE">CollarID</attalias><attrtype Sync="TRUE">Integer</attrtype><attwidth Sync="TRUE">4</attwidth><atprecis Sync="TRUE">0</atprecis><attscale Sync="TRUE">0</attscale></attr><attr xmlns=""><attrlabl Sync="TRUE">UTC_Date</attrlabl><attalias Sync="TRUE">UTC_Date</attalias><attrtype Sync="TRUE">Date</attrtype><attwidth Sync="TRUE">8</attwidth><atprecis Sync="TRUE">0</atprecis><attscale Sync="TRUE">0</attscale></attr><attr xmlns=""><attrlabl Sync="TRUE">UTC_Time</attrlabl><attalias Sync="TRUE">UTC_Time</attalias><attrtype Sync="TRUE">Date</attrtype><attwidth Sync="TRUE">8</attwidth><atprecis Sync="TRUE">0</atprecis><attscale Sync="TRUE">0</attscale></attr><attr xmlns=""><attrlabl Sync="TRUE">LMT_Date</attrlabl><attalias Sync="TRUE">LMT_Date</attalias><attrtype Sync="TRUE">Date</attrtype><attwidth Sync="TRUE">8</attwidth><atprecis Sync="TRUE">0</atprecis><attscale Sync="TRUE">0</attscale></attr><attr xmlns=""><attrlabl Sync="TRUE">LMT_Time</attrlabl><attalias Sync="TRUE">LMT_Time</attalias><attrtype Sync="TRUE">Date</attrtype><attwidth Sync="TRUE">8</attwidth><atprecis Sync="TRUE">0</atprecis><attscale Sync="TRUE">0</attscale></attr><attr xmlns=""><attrlabl Sync="TRUE">Origin</attrlabl><attalias Sync="TRUE">Origin</attalias><attrtype Sync="TRUE">String</attrtype><attwidth Sync="TRUE">255</attwidth><atprecis Sync="TRUE">0</atprecis><attscale Sync="TRUE">0</attscale></attr><attr xmlns=""><attrlabl Sync="TRUE">SCTS_Date</attrlabl><attalias Sync="TRUE">SCTS_Date</attalias><attrtype Sync="TRUE">Date</attrtype><attwidth Sync="TRUE">8</attwidth><atprecis Sync="TRUE">0</atprecis><attscale Sync="TRUE">0</attscale></attr><attr xmlns=""><attrlabl Sync="TRUE">SCTS_Time</attrlabl><attalias Sync="TRUE">SCTS_Time</attalias><attrtype Sync="TRUE">Date</attrtype><attwidth Sync="TRUE">8</attwidth><atprecis Sync="TRUE">0</atprecis><attscale Sync="TRUE">0</attscale></attr><attr xmlns=""><attrlabl Sync="TRUE">ECEF_X_m</attrlabl><attalias Sync="TRUE">ECEF_X_m</attalias><attrtype Sync="TRUE">Integer</attrtype><attwidth Sync="TRUE">4</attwidth><atprecis Sync="TRUE">0</atprecis><attscale Sync="TRUE">0</attscale></attr><attr xmlns=""><attrlabl Sync="TRUE">ECEF_Y_m</attrlabl><attalias Sync="TRUE">ECEF_Y_m</attalias><attrtype Sync="TRUE">Integer</attrtype><attwidth Sync="TRUE">4</attwidth><atprecis Sync="TRUE">0</atprecis><attscale Sync="TRUE">0</attscale></attr><attr xmlns=""><attrlabl Sync="TRUE">ECEF_Z_m</attrlabl><attalias Sync="TRUE">ECEF_Z_m</attalias><attrtype Sync="TRUE">Integer</attrtype><attwidth Sync="TRUE">4</attwidth><atprecis Sync="TRUE">0</atprecis><attscale Sync="TRUE">0</attscale></attr><attr xmlns=""><attrlabl Sync="TRUE">Latitude</attrlabl><attalias Sync="TRUE">Latitude</attalias><attrtype Sync="TRUE">Double</attrtype><attwidth Sync="TRUE">8</attwidth><atprecis Sync="TRUE">0</atprecis><attscale Sync="TRUE">0</attscale></attr><attr xmlns=""><attrlabl Sync="TRUE">Longitude</attrlabl><attalias Sync="TRUE">Longitude</attalias><attrtype Sync="TRUE">Double</attrtype><attwidth Sync="TRUE">8</attwidth><atprecis Sync="TRUE">0</atprecis><attscale Sync="TRUE">0</attscale></attr><attr xmlns=""><attrlabl Sync="TRUE">Height_m</attrlabl><attalias Sync="TRUE">Height_m</attalias><attrtype Sync="TRUE">Double</attrtype><attwidth Sync="TRUE">8</attwidth><atprecis Sync="TRUE">0</atprecis><attscale Sync="TRUE">0</attscale></attr><attr xmlns=""><attrlabl Sync="TRUE">DOP</attrlabl><attalias Sync="TRUE">DOP</attalias><attrtype Sync="TRUE">Double</attrtype><attwidth Sync="TRUE">8</attwidth><atprecis Sync="TRUE">0</atprecis><attscale Sync="TRUE">0</attscale></attr><attr xmlns=""><attrlabl Sync="TRUE">FixType</attrlabl><attalias Sync="TRUE">FixType</attalias><attrtype Sync="TRUE">String</attrtype><attwidth Sync="TRUE">255</attwidth><atprecis Sync="TRUE">0</atprecis><attscale Sync="TRUE">0</attscale></attr><attr xmlns=""><attrlabl Sync="TRUE">F3D_Error_m</attrlabl><attalias Sync="TRUE">3D_Error_m</attalias><attrtype Sync="TRUE">String</attrtype><attwidth Sync="TRUE">255</attwidth><atprecis Sync="TRUE">0</atprecis><attscale Sync="TRUE">0</attscale></attr><attr xmlns=""><attrlabl Sync="TRUE">Sats</attrlabl><attalias Sync="TRUE">Sats</attalias><attrtype Sync="TRUE">String</attrtype><attwidth Sync="TRUE">255</attwidth><atprecis Sync="TRUE">0</atprecis><attscale Sync="TRUE">0</attscale></attr><attr xmlns=""><attrlabl Sync="TRUE">MortStatus</attrlabl><attalias Sync="TRUE">MortStatus</attalias><attrtype Sync="TRUE">String</attrtype><attwidth Sync="TRUE">255</attwidth><atprecis Sync="TRUE">0</atprecis><attscale Sync="TRUE">0</attscale></attr><attr xmlns=""><attrlabl Sync="TRUE">Activity</attrlabl><attalias Sync="TRUE">Activity</attalias><attrtype Sync="TRUE">String</attrtype><attwidth Sync="TRUE">255</attwidth><atprecis Sync="TRUE">0</atprecis><attscale Sync="TRUE">0</attscale></attr><attr xmlns=""><attrlabl Sync="TRUE">MainV</attrlabl><attalias Sync="TRUE">MainV</attalias><attrtype Sync="TRUE">Double</attrtype><attwidth Sync="TRUE">8</attwidth><atprecis Sync="TRUE">0</atprecis><attscale Sync="TRUE">0</attscale></attr><attr xmlns=""><attrlabl Sync="TRUE">BeaconV</attrlabl><attalias Sync="TRUE">BeaconV</attalias><attrtype Sync="TRUE">Double</attrtype><attwidth Sync="TRUE">8</attwidth><atprecis Sync="TRUE">0</atprecis><attscale Sync="TRUE">0</attscale></attr><attr xmlns=""><attrlabl Sync="TRUE">TempC</attrlabl><attalias Sync="TRUE">TempC</attalias><attrtype Sync="TRUE">Integer</attrtype><attwidth Sync="TRUE">4</attwidth><atprecis Sync="TRUE">0</atprecis><attscale Sync="TRUE">0</attscale></attr><attr xmlns=""><attrlabl Sync="TRUE">Easting</attrlabl><attalias Sync="TRUE">Easting</attalias><attrtype Sync="TRUE">Double</attrtype><attwidth Sync="TRUE">8</attwidth><atprecis Sync="TRUE">0</atprecis><attscale Sync="TRUE">0</attscale></attr><attr xmlns=""><attrlabl Sync="TRUE">Northing</attrlabl><attalias Sync="TRUE">Northing</attalias><attrtype Sync="TRUE">Double</attrtype><attwidth Sync="TRUE">8</attwidth><atprecis Sync="TRUE">0</atprecis><attscale Sync="TRUE">0</attscale></attr><attr xmlns=""><attrlabl Sync="TRUE">TimeOut</attrlabl><attalias Sync="TRUE">TimeOut</attalias><attrtype Sync="TRUE">String</attrtype><attwidth Sync="TRUE">20</attwidth><atprecis Sync="TRUE">0</atprecis><attscale Sync="TRUE">0</attscale></attr><attr xmlns=""><attrlabl Sync="TRUE">TTF</attrlabl><attalias Sync="TRUE">TTF</attalias><attrtype Sync="TRUE">Integer</attrtype><attwidth Sync="TRUE">4</attwidth><atprecis Sync="TRUE">0</atprecis><attscale Sync="TRUE">0</attscale></attr></detailed></eainfo><mdDateSt Sync="TRUE">20170207</mdDateSt><mdChar><CharSetCd value="004"></CharSetCd></mdChar><mdMaint xmlns=""><maintFreq><MaintFreqCd value="009"></MaintFreqCd></maintFreq></mdMaint><dqInfo><dataLineage><statement>Data was provided in raw format in text or CSV format and cleaned in MS Excel, converted to a table in ArcGIS 10.3, and mapped using the latutuide and longitude coordinates except for bears 102, 105, 151, and 152 which were provided in UTM Zone 11, NAD 83 and converted to WGS84 (ITRF00). Non-fix or time out records were retained (coordinates assigned Null before conversion to table) excep for bear 152 for year 2015 which were cleaned of timed out records before being recieved.</statement></dataLineage></dqInfo></metadata>
